{"cameraMode":{"drawMode":0,"name":"Shaded","section":"Shading Mode"},"sceneLighting":false,"audioPlay":false,"sceneViewState":{"showFog":true,"showMaterialUpdate":false,"showSkybox":false,"showFlares":true,"showImageEffects":true,"showParticleSystems":true},"in2DMode":false,"pivot":{"x":0.0,"y":-1.2839937210083008,"z":3.7182555198669435},"rotation":{"x":-0.01019031647592783,"y":-0.0018063149182125927,"z":-0.00019610389426816255,"w":1.0000817775726319},"size":19.04234504699707,"orthographic":false}