{"cameraMode":{"drawMode":0,"name":"Shaded","section":"Shading Mode"},"sceneLighting":false,"audioPlay":false,"sceneViewState":{"showFog":true,"showMaterialUpdate":false,"showSkybox":false,"showFlares":true,"showImageEffects":true,"showParticleSystems":true},"in2DMode":false,"pivot":{"x":0.01613372564315796,"y":1.3774524927139283,"z":0.0014358758926391602},"rotation":{"x":0.29155024886131289,"y":-0.004650926683098078,"z":0.001227606669999659,"w":0.9566773772239685},"size":9.808121681213379,"orthographic":false}