{"cameraMode":{"drawMode":0,"name":"Shaded","section":"Shading Mode"},"sceneLighting":false,"audioPlay":false,"sceneViewState":{"showFog":true,"showMaterialUpdate":false,"showSkybox":false,"showFlares":true,"showImageEffects":true,"showParticleSystems":true},"in2DMode":false,"pivot":{"x":4.71999979019165,"y":0.8560000061988831,"z":1.5},"rotation":{"x":-0.06915266811847687,"y":-0.05444208160042763,"z":0.003948142286390066,"w":-0.9962599873542786},"size":4.332535266876221,"orthographic":false}