{"cameraMode":{"drawMode":0,"name":"Shaded","section":"Shading Mode"},"sceneLighting":false,"audioPlay":false,"sceneViewState":{"showFog":true,"showMaterialUpdate":false,"showSkybox":false,"showFlares":true,"showImageEffects":true,"showParticleSystems":true},"in2DMode":false,"pivot":{"x":3.114246368408203,"y":-1.3990402221679688,"z":-11.026748657226563},"rotation":{"x":-0.003320125862956047,"y":0.9927693009376526,"z":-0.11699798703193665,"w":-0.028010467067360879},"size":34.05561447143555,"orthographic":false}