{"cameraMode":{"drawMode":0,"name":"Shaded","section":"Shading Mode"},"sceneLighting":false,"audioPlay":false,"sceneViewState":{"showFog":true,"showMaterialUpdate":false,"showSkybox":false,"showFlares":true,"showImageEffects":true,"showParticleSystems":true},"in2DMode":false,"pivot":{"x":-0.2145061492919922,"y":3.473170757293701,"z":29.66653823852539},"rotation":{"x":-0.06617498397827149,"y":0.722392201423645,"z":-0.06977438926696778,"w":-0.6848219633102417},"size":19.38311195373535,"orthographic":false}