{"cameraMode":{"drawMode":0,"name":"Shaded","section":"Shading Mode"},"sceneLighting":false,"audioPlay":false,"sceneViewState":{"showFog":true,"showMaterialUpdate":false,"showSkybox":false,"showFlares":true,"showImageEffects":true,"showParticleSystems":true},"in2DMode":false,"pivot":{"x":-0.5,"y":0.7070000171661377,"z":1.340000033378601},"rotation":{"x":-0.06773151457309723,"y":-0.03052186220884323,"z":0.0022416890133172275,"w":-0.9973822832107544},"size":4.666256904602051,"orthographic":false}